NAME,ECONOMY,DISPLAY_NAME,ALIASES,CATEGORIES,TYPE,VALUE,STATIC,STATICPRICE,STOCK,MEDIAN,INITIATION,STARTPRICE,CEILING,FLOOR,MAXSTOCK,COMPONENTS,DATA_ID,VERSION
APPLE_0,default,Apple,"apple,","food,organic,",ITEM,200,false,300,0,2000,true,300,1000000,0,0,,1,1.2
ARROW_DAMAGE_1,default,Power 1,"power1,power_1,","enchantments,",ENCHANTMENT,50,false,100,0,100,true,100,1000000,0,0,,2,1.2
ARROW_DAMAGE_2,default,Power 2,"power2,power_2,","enchantments,",ENCHANTMENT,400,false,800,0,75,true,800,1000000,0,0,,3,1.2
ARROW_DAMAGE_3,default,Power 3,"power3,power_3,","enchantments,",ENCHANTMENT,800,false,1600,0,50,true,1600,1000000,0,0,,4,1.2
ARROW_DAMAGE_4,default,Power 4,"power4,power_4,","enchantments,",ENCHANTMENT,1600,false,3200,0,50,true,3200,1000000,0,0,,5,1.2
ARROW_DAMAGE_5,default,Power 5,"power5,power_5,","enchantments,",ENCHANTMENT,2800,false,5600,0,50,true,5600,1000000,0,0,,6,1.2
ARROW_FIRE_1,default,Flame 1,"flame1,flame_1,","enchantments,",ENCHANTMENT,800,false,1600,0,50,true,1600,1000000,0,0,,7,1.2
ARROW_INFINITE_1,default,Infinity 1,"infinity1,infinity_1,","enchantments,",ENCHANTMENT,1000,false,2000,0,50,true,2000,1000000,0,0,,8,1.2
ARROW_KNOCKBACK_1,default,Punch 1,"punch1,punch_1,","enchantments,",ENCHANTMENT,400,false,800,0,75,true,800,1000000,0,0,,9,1.2
ARROW_KNOCKBACK_2,default,Punch 2,"punch2,punch_2,","enchantments,",ENCHANTMENT,1600,false,3200,0,50,true,3200,1000000,0,0,,10,1.2
BAKED_POTATO_0,default,Baked Potato,"bakedpotato,baked_potato,","food,",ITEM,24,false,48,0,10000,true,48,1000000,0,0,,11,1.2
