"ID","DATA"
"1","amount,1;durability,0;maxStackSize,64;data,0;itemMetaData,enchantments[0]{0}displayName[0]{0}lore[0]{0};isBlank,false;material,APPLE;metaType,ITEM;maxDurability,0;"
"2","lvl,1;enchantment,ARROW_DAMAGE;"
"3","lvl,2;enchantment,ARROW_DAMAGE;"
"4","lvl,3;enchantment,ARROW_DAMAGE;"
"5","lvl,4;enchantment,ARROW_DAMAGE;"
"6","lvl,5;enchantment,ARROW_DAMAGE;"
"7","lvl,1;enchantment,ARROW_FIRE;"
"8","lvl,1;enchantment,ARROW_INFINITE;"
"9","lvl,1;enchantment,ARROW_KNOCKBACK;"
"10","lvl,2;enchantment,ARROW_KNOCKBACK;"
"11","amount,1;durability,0;maxStackSize,64;data,0;itemMetaData,enchantments[0]{0}displayName[0]{0}lore[0]{0};isBlank,false;material,BAKED_POTATO;metaType,ITEM;maxDurability,0;"
